{"cameraMode":{"drawMode":0,"name":"Shaded","section":"Shading Mode"},"sceneLighting":true,"audioPlay":false,"sceneViewState":{"m_AlwaysRefresh":false,"showFog":true,"showSkybox":true,"showFlares":true,"showImageEffects":true,"showParticleSystems":true,"showVisualEffectGraphs":true,"m_FxEnabled":true},"in2DMode":false,"pivot":{"x":7.408246994018555,"y":1.2496256828308106,"z":-0.1921854019165039},"rotation":{"x":0.3099803626537323,"y":-0.1120782271027565,"z":0.03690126910805702,"w":0.9434558153152466},"size":15.656929969787598,"orthographic":false}